lat,lng
37.78515,-122.42111
37.84407,-122.25157
37.80528,-122.43222
37.77003,-122.42239
37.78558,-122.40111
37.77564,-122.43789
37.74702,-122.41905
37.75637,-122.41889
37.76216,-122.4352
37.74491,-122.42057
37.78525,-122.43268
37.78967,-122.40534
37.80452,-122.40275
37.77092,-122.41279
37.77024,-122.46683
37.78803,-122.39674
37.76021,-122.41375
37.76761,-122.40672
